Workbook

Sheet Test Cases
A1: LinkedIn Agent — Full Project Test Cases
A2: Test ID | B2: Feature Area | C2: Test Case Title | D2: Test Steps | E2: Expected Result | F2: Actual Result | G2: Status | H2: Tester | I2: Comments | J2: Priority
A3: LOGIN-001 | B3: Login & Account | C3: Register a new account | D3: 1. Open /register 2. Enter email, username, password (8+ chars) 3. Submit | E3: Account is created, 'Account created!' toast shows and user lands inside the app | G3: Pass | J3: Important
A4: LOGIN-002 | B4: Login & Account | C4: Register with invalid / existing data | D4: 1. Open /register 2. Try an already-used email, a short password, an empty field | E4: Clear error message for each case; no account created | G4: Pass | J4: Medium
A5: LOGIN-003 | B5: Login & Account | C5: Login with valid credentials | D5: 1. Open /login 2. Enter correct email + password 3. Submit | E5: 'Welcome back!' toast, user lands on the app with their workspace loaded | G5: Not Started | J5: Important
A6: LOGIN-004 | B6: Login & Account | C6: Login with wrong password | D6: 1. Open /login 2. Enter wrong password | E6: Error toast from backend; user stays on login page | G6: Not Started | J6: Important
A7: LOGIN-005 | B7: Login & Account | C7: Protected pages need login | D7: 1. Log out 2. Open /linkedin/automation directly in the URL bar | E7: User is sent to /login; no app page is shown | G7: Not Started | J7: Important
A8: LOGIN-006 | B8: Login & Account | C8: Sign out | D8: 1. Click profile in sidebar 2. Click Sign out 3. Confirm | E8: Confirm dialog shows first; after confirm user is logged out and sent to /login | G8: Not Started | J8: Medium
A9: LOGIN-007 | B9: Login & Account | C9: Expired / invalid session | D9: 1. Log in 2. Make the token invalid (log out from another tab or wait for expiry) 3. Do any action | E9: User is logged out and redirected to /login (no broken page) | G9: Not Started | J9: Medium
A10: LOGIN-008 | B10: Login & Account | C10: Settings page shows user details | D10: 1. Open Settings from the sidebar | E10: User's details are shown correctly (read-only) | G10: Not Started | J10: Low
A11: WS-001 | B11: Workspace | C11: Switch workspace | D11: 1. Open workspace switcher in sidebar 2. Pick another workspace | E11: All data (posts, knowledge, settings, chats) changes to the selected workspace | G11: Not Started | J11: Important
A12: WS-002 | B12: Workspace | C12: Workspace survives reload | D12: 1. Pick a workspace 2. Reload the page | E12: Same workspace is still active; ?workspace= stays in the URL | G12: Not Started | J12: Medium
A13: WS-003 | B13: Workspace | C13: Data isolation between workspaces | D13: 1. Add a knowledge source / generate a post in Workspace A 2. Switch to Workspace B | E13: Nothing from Workspace A is visible in Workspace B | G13: Not Started | J13: Important
A14: WS-004 | B14: Workspace | C14: Switch workspace on Edit Image page | D14: 1. Open /linkedin/edit-image/<post> 2. Switch to another workspace | E14: 'Post not found in this workspace' screen with 'Go to Agent' and 'Post Management' buttons | G14: Not Started | J14: Low
... A147: IKB-006 | B147: Image Knowledge Base | C147: Images follow image knowledge | D147: 1. Add brand rules (e.g. colors) 2. Turn on 3. Generate image | E147: Image follows the brand guide | G147: Not Started | J147: Important
J148: Medium
J149: Low
J150: Medium
J151: Low
J152: Low

Sheet Summary
A1: Test Summary (updates automatically from 'Test Cases')
A3: Overall | B3: Count
A4: Total test cases | B4: =COUNTA('Test Cases'!$A$3:$A$182) -> 145
A5: Not Started | B5: =COUNTIF('Test Cases'!$G$3:$G$182,"Not Started") -> 143
A6: In Progress | B6: =COUNTIF('Test Cases'!$G$3:$G$182,"In Progress") -> 0
A7: Pass | B7: =COUNTIF('Test Cases'!$G$3:$G$182,"Pass") -> 2
A8: Fail | B8: =COUNTIF('Test Cases'!$G$3:$G$182,"Fail") -> 0
A9: Blocked | B9: =COUNTIF('Test Cases'!$G$3:$G$182,"Blocked") -> 0
A10: Not Applicable | B10: =COUNTIF('Test Cases'!$G$3:$G$182,"Not Applicable") -> 0
A11: Pass rate (of tested) | B11: =IFERROR(B7/(B7+B8+B9),0) -> 1
A13: Priority | B13: Total | C13: Pass | D13: Fail | E13: In Progress | F13: Not Started | G13: Blocked
A14: Important | B14: =COUNTIF('Test Cases'!$J$3:$J$182,$A14) -> 41 | C14: =COUNTIFS('Test Cases'!$J$3:$J$182,$A14,'Test Cases'!$G$3:$G$182,"Pass") -> 1 | D14: =COUNTIFS('Test Cases'!$J$3:$J$182,$A14,'Test Cases'!$G$3:$G$182,"Fail") -> 0 | E14: =COUNTIFS('Test Cases'!$J$3:$J$182,$A14,'Test Cases'!$G$3:$G$182,"In Progress") -> 0 | F14: =COUNTIFS('Test Cases'!$J$3:$J$182,$A14,'Test Cases'!$G$3:$G$182,"Not Started") -> 40 | G14: =COUNTIFS('Test Cases'!$J$3:$J$182,$A14,'Test Cases'!$G$3:$G$182,"Blocked") -> 0
A15: Medium | B15: =COUNTIF('Test Cases'!$J$3:$J$182,$A15) -> 70 | C15: =COUNTIFS('Test Cases'!$J$3:$J$182,$A15,'Test Cases'!$G$3:$G$182,"Pass") -> 1 | D15: =COUNTIFS('Test Cases'!$J$3:$J$182,$A15,'Test Cases'!$G$3:$G$182,"Fail") -> 0 | E15: =COUNTIFS('Test Cases'!$J$3:$J$182,$A15,'Test Cases'!$G$3:$G$182,"In Progress") -> 0 | F15: =COUNTIFS('Test Cases'!$J$3:$J$182,$A15,'Test Cases'!$G$3:$G$182,"Not Started") -> 67 | G15: =COUNTIFS('Test Cases'!$J$3:$J$182,$A15,'Test Cases'!$G$3:$G$182,"Blocked") -> 0
A16: Low | B16: =COUNTIF('Test Cases'!$J$3:$J$182,$A16) -> 39 | C16: =COUNTIFS('Test Cases'!$J$3:$J$182,$A16,'Test Cases'!$G$3:$G$182,"Pass") -> 0 | D16: =COUNTIFS('Test Cases'!$J$3:$J$182,$A16,'Test Cases'!$G$3:$G$182,"Fail") -> 0 | E16: =COUNTIFS('Test Cases'!$J$3:$J$182,$A16,'Test Cases'!$G$3:$G$182,"In Progress") -> 0 | F16: =COUNTIFS('Test Cases'!$J$3:$J$182,$A16,'Test Cases'!$G$3:$G$182,"Not Started") -> 36 | G16: =COUNTIFS('Test Cases'!$J$3:$J$182,$A16,'Test Cases'!$G$3:$G$182,"Blocked") -> 0
A19: Feature Area | B19: Total | C19: Pass | D19: Fail | E19: In Progress | F19: Not Started | G19: Blocked | H19: Important
A20: Login & Account | B20: =COUNTIF('Test Cases'!$B$3:$B$182,$A20) -> 8 | C20: =COUNTIFS('Test Cases'!$B$3:$B$182,$A20,'Test Cases'!$G$3:$G$182,"Pass") -> 2 | D20: =COUNTIFS('Test Cases'!$B$3:$B$182,$A20,'Test Cases'!$G$3:$G$182,"Fail") -> 0 | E20: =COUNTIFS('Test Cases'!$B$3:$B$182,$A20,'Test Cases'!$G$3:$G$182,"In Progress") -> 0 | F20: =COUNTIFS('Test Cases'!$B$3:$B$182,$A20,'Test Cases'!$G$3:$G$182,"Not Started") -> 6 | G20: =COUNTIFS('Test Cases'!$B$3:$B$182,$A20,'Test Cases'!$G$3:$G$182,"Blocked") -> 0 | H20: =COUNTIFS('Test Cases'!$B$3:$B$182,$A20,'Test Cases'!$J$3:$J$182,"Important") -> 4
A21: Workspace | B21: =COUNTIF('Test Cases'!$B$3:$B$182,$A21) -> 4 | C21: =COUNTIFS('Test Cases'!$B$3:$B$182,$A21,'Test Cases'!$G$3:$G$182,"Pass") -> 0 | D21: =COUNTIFS('Test Cases'!$B$3:$B$182,$A21,'Test Cases'!$G$3:$G$182,"Fail") -> 0 | E21: =COUNTIFS('Test Cases'!$B$3:$B$182,$A21,'Test Cases'!$G$3:$G$182,"In Progress") -> 0 | F21: =COUNTIFS('Test Cases'!$B$3:$B$182,$A21,'Test Cases'!$G$3:$G$182,"Not Started") -> 4 | G21: =COUNTIFS('Test Cases'!$B$3:$B$182,$A21,'Test Cases'!$G$3:$G$182,"Blocked") -> 0 | H21: =COUNTIFS('Test Cases'!$B$3:$B$182,$A21,'Test Cases'!$J$3:$J$182,"Important") -> 2
A22: Navigation & Layout | B22: =COUNTIF('Test Cases'!$B$3:$B$182,$A22) -> 4 | C22: =COUNTIFS('Test Cases'!$B$3:$B$182,$A22,'Test Cases'!$G$3:$G$182,"Pass") -> 0 | D22: =COUNTIFS('Test Cases'!$B$3:$B$182,$A22,'Test Cases'!$G$3:$G$182,"Fail") -> 0 | E22: =COUNTIFS('Test Cases'!$B$3:$B$182,$A22,'Test Cases'!$G$3:$G$182,"In Progress") -> 0 | F22: =COUNTIFS('Test Cases'!$B$3:$B$182,$A22,'Test Cases'!$G$3:$G$182,"Not Started") -> 4 | G22: =COUNTIFS('Test Cases'!$B$3:$B$182,$A22,'Test Cases'!$G$3:$G$182,"Blocked") -> 0 | H22: =COUNTIFS('Test Cases'!$B$3:$B$182,$A22,'Test Cases'!$J$3:$J$182,"Important") -> 0
A23: LinkedIn Account Connection | B23: =COUNTIF('Test Cases'!$B$3:$B$182,$A23) -> 4 | C23: =COUNTIFS('Test Cases'!$B$3:$B$182,$A23,'Test Cases'!$G$3:$G$182,"Pass") -> 0 | D23: =COUNTIFS('Test Cases'!$B$3:$B$182,$A23,'Test Cases'!$G$3:$G$182,"Fail") -> 0 | E23: =COUNTIFS('Test Cases'!$B$3:$B$182,$A23,'Test Cases'!$G$3:$G$182,"In Progress") -> 0 | F23: =COUNTIFS('Test Cases'!$B$3:$B$182,$A23,'Test Cases'!$G$3:$G$182,"Not Started") -> 4 | G23: =COUNTIFS('Test Cases'!$B$3:$B$182,$A23,'Test Cases'!$G$3:$G$182,"Blocked") -> 0 | H23: =COUNTIFS('Test Cases'!$B$3:$B$182,$A23,'Test Cases'!$J$3:$J$182,"Important") -> 2
A24: Knowledge Base | B24: =COUNTIF('Test Cases'!$B$3:$B$182,$A24) -> 13 | C24: =COUNTIFS('Test Cases'!$B$3:$B$182,$A24,'Test Cases'!$G$3:$G$182,"Pass") -> 0 | D24: =COUNTIFS('Test Cases'!$B$3:$B$182,$A24,'Test Cases'!$G$3:$G$182,"Fail") -> 0 | E24: =COUNTIFS('Test Cases'!$B$3:$B$182,$A24,'Test Cases'!$G$3:$G$182,"In Progress") -> 0 | F24: =COUNTIFS('Test Cases'!$B$3:$B$182,$A24,'Test Cases'!$G$3:$G$182,"Not Started") -> 13 | G24: =COUNTIFS('Test Cases'!$B$3:$B$182,$A24,'Test Cases'!$G$3:$G$182,"Blocked") -> 0 | H24: =COUNTIFS('Test Cases'!$B$3:$B$182,$A24,'Test Cases'!$J$3:$J$182,"Important") -> 4
A25: Tone / Style | B25: =COUNTIF('Test Cases'!$B$3:$B$182,$A25) -> 4 | C25: =COUNTIFS('Test Cases'!$B$3:$B$182,$A25,'Test Cases'!$G$3:$G$182,"Pass") -> 0 | D25: =COUNTIFS('Test Cases'!$B$3:$B$182,$A25,'Test Cases'!$G$3:$G$182,"Fail") -> 0 | E25: =COUNTIFS('Test Cases'!$B$3:$B$182,$A25,'Test Cases'!$G$3:$G$182,"In Progress") -> 0 | F25: =COUNTIFS('Test Cases'!$B$3:$B$182,$A25,'Test Cases'!$G$3:$G$182,"Not Started") -> 4 | G25: =COUNTIFS('Test Cases'!$B$3:$B$182,$A25,'Test Cases'!$G$3:$G$182,"Blocked") -> 0 | H25: =COUNTIFS('Test Cases'!$B$3:$B$182,$A25,'Test Cases'!$J$3:$J$182,"Important") -> 2
A26: Audience & Post Length | B26: =COUNTIF('Test Cases'!$B$3:$B$182,$A26) -> 5 | C26: =COUNTIFS('Test Cases'!$B$3:$B$182,$A26,'Test Cases'!$G$3:$G$182,"Pass") -> 0 | D26: =COUNTIFS('Test Cases'!$B$3:$B$182,$A26,'Test Cases'!$G$3:$G$182,"Fail") -> 0 | E26: =COUNTIFS('Test Cases'!$B$3:$B$182,$A26,'Test Cases'!$G$3:$G$182,"In Progress") -> 0 | F26: =COUNTIFS('Test Cases'!$B$3:$B$182,$A26,'Test Cases'!$G$3:$G$182,"Not Started") -> 5 | G26: =COUNTIFS('Test Cases'!$B$3:$B$182,$A26,'Test Cases'!$G$3:$G$182,"Blocked") -> 0 | H26: =COUNTIFS('Test Cases'!$B$3:$B$182,$A26,'Test Cases'!$J$3:$J$182,"Important") -> 1
A27: Composer Settings | B27: =COUNTIF('Test Cases'!$B$3:$B$182,$A27) -> 14 | C27: =COUNTIFS('Test Cases'!$B$3:$B$182,$A27,'Test Cases'!$G$3:$G$182,"Pass") -> 0 | D27: =COUNTIFS('Test Cases'!$B$3:$B$182,$A27,'Test Cases'!$G$3:$G$182,"Fail") -> 0 | E27: =COUNTIFS('Test Cases'!$B$3:$B$182,$A27,'Test Cases'!$G$3:$G$182,"In Progress") -> 0 | F27: =COUNTIFS('Test Cases'!$B$3:$B$182,$A27,'Test Cases'!$G$3:$G$182,"Not Started") -> 14 | G27: =COUNTIFS('Test Cases'!$B$3:$B$182,$A27,'Test Cases'!$G$3:$G$182,"Blocked") -> 0 | H27: =COUNTIFS('Test Cases'!$B$3:$B$182,$A27,'Test Cases'!$J$3:$J$182,"Important") -> 2
A28: Agent Chat (Generate Posts) | B28: =COUNTIF('Test Cases'!$B$3:$B$182,$A28) -> 13 | C28: =COUNTIFS('Test Cases'!$B$3:$B$182,$A28,'Test Cases'!$G$3:$G$182,"Pass") -> 0 | D28: =COUNTIFS('Test Cases'!$B$3:$B$182,$A28,'Test Cases'!$G$3:$G$182,"Fail") -> 0 | E28: =COUNTIFS('Test Cases'!$B$3:$B$182,$A28,'Test Cases'!$G$3:$G$182,"In Progress") -> 0 | F28: =COUNTIFS('Test Cases'!$B$3:$B$182,$A28,'Test Cases'!$G$3:$G$182,"Not Started") -> 13 | G28: =COUNTIFS('Test Cases'!$B$3:$B$182,$A28,'Test Cases'!$G$3:$G$182,"Blocked") -> 0 | H28: =COUNTIFS('Test Cases'!$B$3:$B$182,$A28,'Test Cases'!$J$3:$J$182,"Important") -> 3
A29: Draft Cards (in chat) | B29: =COUNTIF('Test Cases'!$B$3:$B$182,$A29) -> 11 | C29: =COUNTIFS('Test Cases'!$B$3:$B$182,$A29,'Test Cases'!$G$3:$G$182,"Pass") -> 0 | D29: =COUNTIFS('Test Cases'!$B$3:$B$182,$A29,'Test Cases'!$G$3:$G$182,"Fail") -> 0 | E29: =COUNTIFS('Test Cases'!$B$3:$B$182,$A29,'Test Cases'!$G$3:$G$182,"In Progress") -> 0 | F29: =COUNTIFS('Test Cases'!$B$3:$B$182,$A29,'Test Cases'!$G$3:$G$182,"Not Started") -> 11 | G29: =COUNTIFS('Test Cases'!$B$3:$B$182,$A29,'Test Cases'!$G$3:$G$182,"Blocked") -> 0 | H29: =COUNTIFS('Test Cases'!$B$3:$B$182,$A29,'Test Cases'!$J$3:$J$182,"Important") -> 4
A30: Post Version History | B30: =COUNTIF('Test Cases'!$B$3:$B$182,$A30) -> 5 | C30: =COUNTIFS('Test Cases'!$B$3:$B$182,$A30,'Test Cases'!$G$3:$G$182,"Pass") -> 0 | D30: =COUNTIFS('Test Cases'!$B$3:$B$182,$A30,'Test Cases'!$G$3:$G$182,"Fail") -> 0 | E30: =COUNTIFS('Test Cases'!$B$3:$B$182,$A30,'Test Cases'!$G$3:$G$182,"In Progress") -> 0 | F30: =COUNTIFS('Test Cases'!$B$3:$B$182,$A30,'Test Cases'!$G$3:$G$182,"Not Started") -> 5 | G30: =COUNTIFS('Test Cases'!$B$3:$B$182,$A30,'Test Cases'!$G$3:$G$182,"Blocked") -> 0 | H30: =COUNTIFS('Test Cases'!$B$3:$B$182,$A30,'Test Cases'!$J$3:$J$182,"Important") -> 1
A31: Chat Attachments | B31: =COUNTIF('Test Cases'!$B$3:$B$182,$A31) -> 10 | C31: =COUNTIFS('Test Cases'!$B$3:$B$182,$A31,'Test Cases'!$G$3:$G$182,"Pass") -> 0 | D31: =COUNTIFS('Test Cases'!$B$3:$B$182,$A31,'Test Cases'!$G$3:$G$182,"Fail") -> 0 | E31: =COUNTIFS('Test Cases'!$B$3:$B$182,$A31,'Test Cases'!$G$3:$G$182,"In Progress") -> 0 | F31: =COUNTIFS('Test Cases'!$B$3:$B$182,$A31,'Test Cases'!$G$3:$G$182,"Not Started") -> 10 | G31: =COUNTIFS('Test Cases'!$B$3:$B$182,$A31,'Test Cases'!$G$3:$G$182,"Blocked") -> 0 | H31: =COUNTIFS('Test Cases'!$B$3:$B$182,$A31,'Test Cases'!$J$3:$J$182,"Important") -> 3
... A38: Leads | B38: =COUNTIF('Test Cases'!$B$3:$B$182,$A38) -> 0 | C38: =COUNTIFS('Test Cases'!$B$3:$B$182,$A38,'Test Cases'!$G$3:$G$182,"Pass") -> 0 | D38: =COUNTIFS('Test Cases'!$B$3:$B$182,$A38,'Test Cases'!$G$3:$G$182,"Fail") -> 0 | E38: =COUNTIFS('Test Cases'!$B$3:$B$182,$A38,'Test Cases'!$G$3:$G$182,"In Progress") -> 0 | F38: =COUNTIFS('Test Cases'!$B$3:$B$182,$A38,'Test Cases'!$G$3:$G$182,"Not Started") -> 0 | G38: =COUNTIFS('Test Cases'!$B$3:$B$182,$A38,'Test Cases'!$G$3:$G$182,"Blocked") -> 0 | H38: =COUNTIFS('Test Cases'!$B$3:$B$182,$A38,'Test Cases'!$J$3:$J$182,"Important") -> 0

Sheet How to use
A1: How to use this sheet
A3: Columns A–I | B3: Same order as the existing tester sheet (Test ID → Comments), so rows can be copied between both sheets. Priority is the extra column J.
A4: Fill in | B4: Tester fills only: Actual Result (F), Status (G), Tester (H), Comments (I). Columns A–E and J are the test plan.
A5: Status | B5: Not Started · In Progress · Pass · Fail · Blocked (can't test, e.g. backend down) · Not Applicable. A Fail turns the row pink.
A6: Priority | B6: Important = core flow; a fail blocks release (login, generate, approve, schedule, publish, data isolation). Medium = main feature works but a secondary path is broken. Low = cosmetic, edge case, or nice-to-have.
A7: New cases | B7: 30 empty rows are left under the last case. Use the same prefix + next number (e.g. IMG-017).
A8: Summary tab | B8: Counts by status, priority and feature area — updates on its own.
A9: Example | B9: Actual Result: 'Image stays the same, only colours change' · Status: Fail · Tester: Sazzad · Comments: 'Prompt: make it realistic — link / screenshot'
A10: ID prefixes | B10: LOGIN = Login & Account, WS = Workspace, NAV = Navigation & Layout, ACC = LinkedIn Account Connection, KB = Knowledge Base, TONE = Tone / Style, AUD = Audience & Post Length, SET = Composer Settings, AGT = Agent Chat (Generate Posts), DRAFT = Draft Cards (in chat), VER = Post Version History, ATT = Chat Attachments, RA = Review & Approval, PM = Post Management, PUB = Publishing, IMG = Edit Image (Image Chat), STOCK = Stock Image (Pexels), IKB = Image Knowledge Base, LEADS = Leads
